entity_id,observation_id
ent_000e223a3d2bae71,obs_1eb8e6ab221d
ent_0016dfde619b1206,obs_8bc316c44025
ent_00784c5550366ab3,obs_1e06f9601642
ent_0184717f9532920f,obs_3f8682b2bdc8
ent_0184717f9532920f,obs_8fdca4f88076
ent_01c8ba32b8ec9964,obs_a73cd2d7d026
ent_01cb9d63b82bdbaa,obs_82ab63b23273
ent_01f538fca6735763,obs_0d3b85a261f4
ent_01f538fca6735763,obs_5aa876c118b7
ent_028c4ab91da06f04,obs_e0bc4b5140e8
ent_02bc9cc6260cd189,obs_4ed05de51495
ent_02bc9cc6260cd189,obs_bc053ae89f17
ent_02d652588d8e4136,obs_bbcd685c35cb
ent_02e7c5da5157fa42,obs_320a4830288b
ent_0326bdba90eb1ff2,obs_717a4f32651a
ent_04162d124aa240d8,obs_38e6a2bc2839
ent_0504dd5f09557f63,obs_0ee59f7f6f37
ent_0560316518203a3e,obs_e39d0e089cc4
ent_06700f0f3872347f,obs_69208d21cbae
ent_06700f0f3872347f,obs_6b3b55d2279b
ent_06700f0f3872347f,obs_b2d1f94a8460
ent_06d1091bc0eeb0fa,obs_bb3585789d1d
ent_06d1091bc0eeb0fa,obs_c092c8404908
ent_06d9152c5fa6e014,obs_5cfd92849f37
ent_07459523baec85a6,obs_1b7d6faeccdf
ent_07459523baec85a6,obs_61c70715fcfa
ent_07459523baec85a6,obs_cbeeb6955b39
ent_07459523baec85a6,obs_d441e79d30ea
ent_07cff2ae4da3f3ce,obs_3d1299b64ee8
ent_07cff2ae4da3f3ce,obs_5b21e0a1eae0
ent_0874b0c182e6b791,obs_04948db246bd
ent_0874b0c182e6b791,obs_4863a0fb0d53
ent_0874b0c182e6b791,obs_66b0966e6dbd
ent_0874b0c182e6b791,obs_8e057e392de7
ent_0874b0c182e6b791,obs_ec249d92e084
ent_087922806c82792b,obs_7e9fcb438bcc
ent_089e4ebe536ef9a9,obs_02475b89dd63
ent_09085a02f5a71bc7,obs_dec991d03e0f
ent_094725613e63fa4b,obs_2d228e73a25c
ent_0a88f5b13d0b35c8,obs_ad8fc724eb3b
ent_0aeabe75c5a172e1,obs_29fff06bf5cc
ent_0aeabe75c5a172e1,obs_f63c045b7d42
ent_0bcb66eaf3ac0570,obs_c03869bfb005
ent_0c1ddcb6bcf9ba94,obs_ea3646fd5df7
ent_0c55bf55c80acb07,obs_265191c2194f
ent_0c55bf55c80acb07,obs_dc7719b63b26
ent_0d0e75e4d4bf1839,obs_a3147ba3981b
ent_0d0e75e4d4bf1839,obs_a7a1fee37436
ent_0d8c6aa80d437c94,obs_16143a2c110a
ent_0e35b0fd034c9469,obs_68d4015297d4
ent_0e5d9f27fdc1dffa,obs_5e0d7779e86b
ent_0e6eb515aa87eaaf,obs_4b295b468462
ent_0e6eb515aa87eaaf,obs_c17c1e8d85d2
ent_0e6eb515aa87eaaf,obs_ed0411ab21fb
ent_0eb2fd5e52867fda,obs_ae92e066e972
ent_0eb2fd5e52867fda,obs_d7ab76887e76
ent_0eb2fd5e52867fda,obs_db034251c28a
ent_0f5342c540032561,obs_7b992af0dbd3
ent_102d217f03122dc3,obs_0336d85307ef
ent_102d217f03122dc3,obs_aaffb43d4e4d
ent_10991af01325c6f0,obs_04e4c4e298d1
ent_10991af01325c6f0,obs_1ed22cb9d93c
ent_10991af01325c6f0,obs_2294cff9f75e
ent_10991af01325c6f0,obs_51d78b7f5abe
ent_10991af01325c6f0,obs_5e89d4690164
ent_10991af01325c6f0,obs_61a425ca89d8
ent_10991af01325c6f0,obs_a14fc2391038
ent_10991af01325c6f0,obs_a28af74b2e1d
ent_10991af01325c6f0,obs_ca722ea974ee
ent_10991af01325c6f0,obs_e092d55d8439
ent_10991af01325c6f0,obs_e1ea49bd4211
ent_10991af01325c6f0,obs_e59419660f8d
ent_10be16dd4b74c7c5,obs_5e53e8697d84
ent_10be16dd4b74c7c5,obs_962d10a13c46
ent_10be16dd4b74c7c5,obs_970753161cfb
ent_10be16dd4b74c7c5,obs_bea28c559858
ent_10be16dd4b74c7c5,obs_c8acf514b8cc
ent_10cb19a568cba3bd,obs_07e9f43c71b6
ent_118a48941074ca45,obs_bacc88c636f4
ent_123b5e56e4444031,obs_647c9dd2f926
ent_129bcfe1eaeb94f3,obs_0d6ad513c2ff
ent_129bcfe1eaeb94f3,obs_2833dba22e30
ent_129bcfe1eaeb94f3,obs_29b0c1383432
ent_129bcfe1eaeb94f3,obs_bdc3c492aeb5
ent_13901d470d381f36,obs_72e9cb39f2be
ent_13901d470d381f36,obs_861cda9451a7
ent_13e8a4c99968c149,obs_87e5a8c3ecb4
ent_13e8a4c99968c149,obs_91598186b1ff
ent_13e8a4c99968c149,obs_bbc296a2e51c
ent_13e8a4c99968c149,obs_c3f5b2b6ca2e
ent_14b89774c99e64e8,obs_3c18b732a1cc
ent_14b89774c99e64e8,obs_47511bfff3c3
ent_14b89774c99e64e8,obs_96f7433e929c
ent_14e2031ea079403e,obs_999c024d5a99
ent_154e8a52cf057488,obs_aefabe7566f5
ent_1690d06ff4f8cec6,obs_6c51b13b44c9
ent_16bfb4416b7ff844,obs_28fc52a0dbd9
ent_16bfb4416b7ff844,obs_871661015e23
ent_16bfb4416b7ff844,obs_c30df4fc54ad
ent_16bfb4416b7ff844,obs_cc5aee320025
ent_174e4735e1991c21,obs_1a5cd87beacc
ent_1764071b3776a773,obs_85eaacfa6799
ent_181e11a44769b28f,obs_f63372e2afc7
ent_190383d86da4b08c,obs_44831ca89b64
ent_190383d86da4b08c,obs_6427bb4579ff
ent_1925e109e52bd186,obs_1496c4271322
ent_1933170577d7b082,obs_c0595f18a397
ent_19e308121eb6baf9,obs_5e6acea06684
ent_19e308121eb6baf9,obs_68b5378eefeb
ent_19e308121eb6baf9,obs_f9425e2d7e5d
ent_1a5c0a02dfb176f3,obs_06180b880de6
ent_1a5c0a02dfb176f3,obs_2b6192dc37f6
ent_1a5c0a02dfb176f3,obs_6930327a7eda
ent_1a5c0a02dfb176f3,obs_88824dc864e4
ent_1a5c0a02dfb176f3,obs_8a713ba97196
ent_1a5c0a02dfb176f3,obs_b4784d9c6ff0
ent_1a5c0a02dfb176f3,obs_b99d2be62245
ent_1a5c0a02dfb176f3,obs_edb114d56e2a
ent_1b1f8b09acfcc70e,obs_0d3b3ab84228
ent_1b1f8b09acfcc70e,obs_5f4a381d377e
ent_1b5b966849ee6e66,obs_0a493951e19d
ent_1b5b966849ee6e66,obs_6af5ca4d9a04
ent_1b5b966849ee6e66,obs_71e2e3d8a2ef
ent_1b5b966849ee6e66,obs_8921ea58b5a8
ent_1b5b966849ee6e66,obs_aba1f5a1bcca
ent_1b5b966849ee6e66,obs_c7ba596bd665
ent_1b5b966849ee6e66,obs_d909e12f5241
ent_1ba614a4ded894cc,obs_f745536d855e
ent_1bee6bca6539d859,obs_7efd05a0df6c
ent_1c13d7caae982918,obs_68f2a2942477
ent_1c13d7caae982918,obs_a07dece9b9dd
ent_1c13d7caae982918,obs_aa5070f3120c
ent_1c1e826eb0c7da55,obs_2273d27fa034
ent_1db8ff5de48f5b09,obs_0c78fc72828f
ent_1db8ff5de48f5b09,obs_6fb70d059578
ent_1f364ab7737f11f1,obs_486dbc633d26
ent_1f364ab7737f11f1,obs_f5340253d51f
ent_1f958191941e8a9c,obs_ab02b40a5a22
ent_1fc8644b62ebedb0,obs_d3ffddea25d1
ent_1ff849397e0b1aec,obs_2f529aa5eb3d
ent_1ff849397e0b1aec,obs_67843593124e
ent_1ff849397e0b1aec,obs_7f18b6e69e43
ent_2020c85fcd6421cf,obs_149c06b302b7
ent_2020c85fcd6421cf,obs_36d72518d019
ent_2020c85fcd6421cf,obs_47491f628774
ent_2020c85fcd6421cf,obs_5f39d4f02937
ent_2020c85fcd6421cf,obs_6ceabe72e8ad
ent_20329c4caeeaf329,obs_494bb1498fe0
ent_20329c4caeeaf329,obs_dda8f648cbd7
ent_2072fbe59638f132,obs_4764dd8457d0
ent_20a2f4257f37b5a1,obs_8bd7a2bc254c
ent_20b83f3578c5d103,obs_4ea52063c7a3
ent_20b83f3578c5d103,obs_6c5e1487f519
ent_20d58e3ba3fa721a,obs_60bec5a1f627
ent_20d58e3ba3fa721a,obs_74c12098bc54
ent_20d58e3ba3fa721a,obs_abbd55cc1e0e
ent_21fba40a815664f0,obs_09bfe2a23fbc
ent_21fba40a815664f0,obs_ca84f350d4e6
ent_222aec5bc827fb71,obs_9a6859513478
ent_2236b8a28d0716db,obs_a34b4e1f067a
ent_2291d01646667dad,obs_b40f816a98b0
ent_22bb4ee20ca79591,obs_0de4697452ac
ent_22d27e0c7150046f,obs_0d06d1d78c52
ent_22d27e0c7150046f,obs_75c968b528ba
ent_22d27e0c7150046f,obs_90cd9f7c04d4
ent_22d27e0c7150046f,obs_aa9bbc66a9a5
ent_243f5e26d45fa693,obs_15a0c9d7ba75
ent_243f5e26d45fa693,obs_bf5ed981b146
ent_243f5e26d45fa693,obs_e3b72dcbdb9e
ent_243f5e26d45fa693,obs_e7d3c0d4152f
ent_245d02b68a186b1f,obs_330af707489d
ent_245d02b68a186b1f,obs_3cb830ed9b4b
ent_245d02b68a186b1f,obs_3f272b1b9d7b
ent_245d02b68a186b1f,obs_616a0063ca68
ent_245d02b68a186b1f,obs_8fb94776744a
ent_245d02b68a186b1f,obs_b4470f20f198
ent_245d02b68a186b1f,obs_bed072adadeb
ent_245d02b68a186b1f,obs_eb81af1584c3
ent_245d02b68a186b1f,obs_edf2c37f2e01
ent_246f3be538272893,obs_18d78596838e
ent_2470a49e453c8e59,obs_b12b9a6539c8
ent_25519d2a16baf9fb,obs_0ef87f71ab51
ent_25a8def7e197218f,obs_8cb5a02237d2
ent_25a8def7e197218f,obs_a7cd3535ee4f
ent_25a8def7e197218f,obs_c05fdf522494
ent_25a8def7e197218f,obs_f824dbe966d0
ent_25a8def7e197218f,obs_fd20286fc2d8
ent_25a8def7e197218f,obs_fe80bc7fcaa3
ent_26ef56a8141df354,obs_744cc831c35a
ent_27c9838e0d497554,obs_2215ced7fdda
ent_2937351f256b45f2,obs_e576210e32cd
ent_2962f4c9dd3a8db5,obs_154f84918212
ent_2995972f8233c4a9,obs_e6a391f16c7f
ent_2a361253d37cac6c,obs_01d24ba74239
ent_2a556c4e390809ff,obs_b325173e0c0a
ent_2a56d8ce587de942,obs_1fc37fd28df5
ent_2a56d8ce587de942,obs_259737e1c970
ent_2a56d8ce587de942,obs_735494b54b45
ent_2a56d8ce587de942,obs_8bc21cdb3d5c
ent_2a56d8ce587de942,obs_a5fc7271ab50
ent_2a56d8ce587de942,obs_e6a5d7e23356
ent_2a56d8ce587de942,obs_f65778f4496c
ent_2a56d8ce587de942,obs_fbd0293b9b4a
ent_2a893f223ad334ab,obs_2b83f1ec9216
ent_2b3a5984d7747c3d,obs_268af2f801b2
ent_2b3a5984d7747c3d,obs_d7d239a79093
ent_2bb7445443204a2b,obs_186b8c0a33eb
ent_2c004588516bf2ba,obs_43618d6100d1
ent_2ca714d359c5b46e,obs_16471357bad7
ent_2cef3b9b08b667a5,obs_28503c900fb8
ent_2cef3b9b08b667a5,obs_edcf9c0b8fcf
ent_2d1c210dd512ea5a,obs_0dc655d69853
ent_2d1c210dd512ea5a,obs_37701d7293ed
ent_2d1c210dd512ea5a,obs_5ec5e06552cc
ent_2d1c210dd512ea5a,obs_ae88f4dbc5e6
ent_2d1c210dd512ea5a,obs_efb1f1caa72c
ent_2d1c210dd512ea5a,obs_feb8a907109d
ent_2dd18127c9ec03cc,obs_15bec2f5db3b
ent_2df7f642718f306b,obs_309b69e32e8d
ent_2df7f642718f306b,obs_6d6bbcf0f156
ent_2df7f642718f306b,obs_e8f66c5344eb
ent_2eab6ffd0f66c872,obs_7cf73bdbacff
ent_2f18e16bf0dfcb3e,obs_2188540036fc
ent_2f18e16bf0dfcb3e,obs_58dd7f2ec23d
ent_2f18e16bf0dfcb3e,obs_5a89e0e06bc6
ent_2f18e16bf0dfcb3e,obs_6418c155ee0c
ent_2f18e16bf0dfcb3e,obs_e49479067920
ent_2fb7e8f88a72bde7,obs_2e1dc8174ec0
ent_2fb7e8f88a72bde7,obs_cf0da13b7e6b
ent_2fb7e8f88a72bde7,obs_f2996f538c34
ent_2fba857fb6823290,obs_98eac727ac4a
ent_2fddaf7cf6dc9db6,obs_13e8ae43b533
ent_306e91e2db555991,obs_4cee1cc13ed1
ent_3141e18024f1da41,obs_811c7e56e26d
ent_33ea48dda6fb390c,obs_1f981b43685c
ent_33ea48dda6fb390c,obs_edfc93aff665
ent_3480f4704e375306,obs_181cae1afc23
ent_35549ad24aaae418,obs_acaff7fe784c
ent_35549ad24aaae418,obs_c81d5be1b0cf
ent_35549ad24aaae418,obs_f101362135f1
ent_3588d77cea93e83f,obs_12045e7a9d34
ent_363c02f9eb5aee64,obs_fbec45ec02d1
ent_3994e42c3fbdea86,obs_24f74b0f2fd9
ent_39ef988e7efbfbe6,obs_bc8425160bbd
ent_3af7a1e80397cb87,obs_489946f3d5e6
ent_3af7a1e80397cb87,obs_52563e0f411f
ent_3af7a1e80397cb87,obs_807b784232fb
ent_3af7a1e80397cb87,obs_e81c233f3f08
ent_3cb39e8899a1738c,obs_b82a7cd57bc7
ent_3dc25fc8b2ecf934,obs_14c829921e13
ent_3e07ca1863171667,obs_22fe88e0a6dc
ent_3e07ca1863171667,obs_618e5766c5e5
ent_3e07ca1863171667,obs_6c08d2dc9548
ent_3e07ca1863171667,obs_ad08eff6227b
ent_3e07ca1863171667,obs_b10e24f51b37
ent_3e07ca1863171667,obs_c54f03b76043
ent_3ea396dcf80035a0,obs_3d610b98c316
ent_3ea396dcf80035a0,obs_fa7b793028c6
ent_3eb23c3bed219bdc,obs_51f14fed5dc8
ent_4098bf01773ac8a9,obs_6018f2936673
ent_4108b226e0e0cdb1,obs_62db39c43aa5
ent_4117ae231d52e7a7,obs_6c9188e6b6a5
ent_41cdc994e0c69313,obs_34389035593c
ent_41cdc994e0c69313,obs_d1f401dbe753
ent_4323efcc303ebc09,obs_ec407715b1f5
ent_4323efcc303ebc09,obs_fc563ee1c446
ent_4360f2b33cd35a4a,obs_953015d53ac2
ent_4404b158810afd9d,obs_9967e324f7a7
ent_441d6e0e1b5385e2,obs_654e795271d3
ent_44659866e7b14b50,obs_c5243873aea6
ent_44aa858d650dde60,obs_d6f8cddaff58
ent_44d9040ef44286cc,obs_9ad9f160a655
ent_452b22c90f20d3a5,obs_75a171f9fb83
ent_45f0a6dbafb90a4f,obs_41eaacdacf83
ent_46287fba9ad12276,obs_c04a6bfe0137
ent_46655c8bd51b05db,obs_579b34eaceb9
ent_46ea62c3d6e875a4,obs_2c901ac253ca
ent_485daff59a13541f,obs_9b11792dff50
ent_490244dba1b43b42,obs_ad99727e1f3d
ent_493e81fdea7d46fa,obs_5126a2a8407a
ent_49688561fb8e2b56,obs_dbf9ebadc6f8
ent_4b079c6c1d342668,obs_0e899ed8c911
ent_4c6888868673e064,obs_6af74914cd61
ent_4c6888868673e064,obs_f9d8ce252624
ent_4c692f8d806fcf91,obs_eaa9913974aa
ent_4c7eda96a3286756,obs_a3cc7cdbea3d
ent_4c86e3ddc2436f14,obs_f71f2ec18a16
ent_4cafde2e42d52908,obs_7a9e0b464ebf
ent_4cb8156bed0388cc,obs_6d473b7428ce
ent_4cb8156bed0388cc,obs_e051ed71977e
ent_4d7fdf5ea40242e0,obs_52734e2feb40
ent_4e18fcdc148920d5,obs_4f5f59f7b348
ent_4e3aefd701747908,obs_0bbc9be7bbc9
ent_4e5b6360b56c9bae,obs_08100538c5a4
ent_4e60f2aa0c6af5be,obs_de2b1b5172d4
ent_4ec90f67ea5a9eec,obs_b22a7403f0f3
ent_4ec90f67ea5a9eec,obs_e9556270d33a
ent_4fd19c8d7d3b508c,obs_ab2aa22fa82f
ent_4fd19c8d7d3b508c,obs_c4aa4928dea0
ent_4fdb74d6022b073c,obs_71aa6d1b2bb7
ent_4fdb74d6022b073c,obs_77dab4964c5f
ent_4fdb74d6022b073c,obs_ccefcd65cff8
ent_5054c4937813f61b,obs_2431de60dbca
ent_5054c4937813f61b,obs_35bb79770c63
ent_507d440bf44a9827,obs_584bab14b2a9
ent_507d440bf44a9827,obs_c11e7bd0d750
ent_507d440bf44a9827,obs_ce1a2269f233
ent_507d440bf44a9827,obs_d37b6f71f58b
ent_51b5d0d70bc090d3,obs_66b29422cba6
ent_51f54e55b0745dff,obs_699882250a21
ent_51fd4c114bba2d28,obs_bba4b561a647
ent_522158db220fb267,obs_19231c0ade55
ent_522158db220fb267,obs_941008a7d63a
ent_5335382c73e26dba,obs_c50aea0a06ee
ent_536efca49398f558,obs_263565543a42
ent_536efca49398f558,obs_45685f195384
ent_536efca49398f558,obs_8ac5bb177f6a
ent_53ab37dc34252d57,obs_c3fe9336e3f8
ent_53d4e459715ef085,obs_c5f857550d58
ent_541ceffbd4859e97,obs_e8e585abad90
ent_541ceffbd4859e97,obs_f258438ed9ca
ent_5427e567e27574b6,obs_813468940b88
ent_547b521b7c6ef978,obs_e4ff3abecf64
ent_54a1df22632a2ee8,obs_6bf3fc16a5d9
ent_54a1df22632a2ee8,obs_a56d59dc1676
ent_54b7a158611f1c8b,obs_6871c56fe12d
ent_54b7a158611f1c8b,obs_982ce5542ccd
ent_54b7a158611f1c8b,obs_aad8ba6d341f
ent_54b7a158611f1c8b,obs_ab6d990c7ff7
ent_54b7a158611f1c8b,obs_af59de1171aa
ent_55780f59b9911cd3,obs_9b0359b456f9
ent_560b1f9d5d62c969,obs_6a03f73b248b
ent_57443d8772fdb91c,obs_28d91c542339
ent_57443d8772fdb91c,obs_41ffb92241dc
ent_57443d8772fdb91c,obs_52e7cd8d945f
ent_57abfd43208fb62d,obs_028828f0c37c
ent_57abfd43208fb62d,obs_222a803aef4d
ent_57abfd43208fb62d,obs_2c35b7f27b60
ent_57abfd43208fb62d,obs_2f131a3f52f4
ent_57abfd43208fb62d,obs_3660fc6cd163
ent_57abfd43208fb62d,obs_3a5ca3fd5bcd
ent_57abfd43208fb62d,obs_4da7b88048e2
ent_57abfd43208fb62d,obs_79be69b6b684
ent_57abfd43208fb62d,obs_7ee554aeba22
ent_57abfd43208fb62d,obs_7ee740ad708c
ent_57abfd43208fb62d,obs_91f47d2fa27e
ent_57abfd43208fb62d,obs_a31fb86981f0
ent_57abfd43208fb62d,obs_b27e2fd534dc
ent_57abfd43208fb62d,obs_bf05edf4e358
ent_57abfd43208fb62d,obs_ce2f05a94dab
ent_57f199c18ba5649d,obs_21e47670ef1b
ent_57f199c18ba5649d,obs_d5d23c59d069
ent_58bee4d4a80afe98,obs_42824786aa27
ent_5994a8f87b2b3bb3,obs_4208ac14722e
ent_59b4a4545a9a0808,obs_5bd1ac68ee1c
ent_5a0830226afad0a7,obs_00c0f6086061
ent_5a0830226afad0a7,obs_727dfcff0277
ent_5a0830226afad0a7,obs_8afbe39969e5
ent_5a0830226afad0a7,obs_936709ea5c4b
ent_5a75b145b0a174de,obs_74dd33b3c312
ent_5a75b145b0a174de,obs_abe094d3ec4c
ent_5ac5138eed52406e,obs_59262b83c56c
ent_5aed1908e4239d72,obs_957375e67fc2
ent_5aed1908e4239d72,obs_bff1da48ce71
ent_5bab416cc502d051,obs_11470f014f08
ent_5d362ba1ac321456,obs_700aa4a1429b
ent_5dd3e0c477eb9d19,obs_fb6d8292a5ca
ent_5dfd7f21110ff391,obs_f2755cee5623
ent_5e00718e79977c04,obs_fb8ef6a161f4
ent_5ebf206e9438842a,obs_ac9c8c0761c5
ent_5ebf206e9438842a,obs_d05c552a2cb4
ent_5f22d4018f3a6aec,obs_4f70dc4b6a7f
ent_5f22d4018f3a6aec,obs_7f34f44fd541
ent_5f86418e14f93639,obs_1977d9746808
ent_602434e3d6f1f5ca,obs_8c0708f6f76e
ent_603a9083f86ab059,obs_191786e3dfc1
ent_603a9083f86ab059,obs_5ed781d5d24e
ent_603a9083f86ab059,obs_f39746b5ba76
ent_60dac905ac495223,obs_5fd75d2bfc82
ent_60f1497fa5f831cc,obs_3eef77c4c2b3
ent_61436982797f6303,obs_805b546dff69
ent_61559bc39a83bd3a,obs_aade4311122f
ent_6196726d3d70d784,obs_2dcb76407b84
ent_619b7038f9045839,obs_21071de1b7f9
ent_619b7038f9045839,obs_cf64ff406be8
ent_62143a35a5301b5e,obs_00c3f96a9d91
ent_623c9b04a5f82489,obs_c5c759c5e294
ent_628eebb93c3ae3c8,obs_28b8d6789b99
ent_633fee63193de2ce,obs_dfa08c85c948
ent_64215b2b6082a36d,obs_1b1462b80432
ent_643bd0c13cdf7dc9,obs_7bd7496fb5b7
ent_6466fda0b30ae9f4,obs_1f09e5d164f9
ent_6466fda0b30ae9f4,obs_21d9e137104c
ent_6466fda0b30ae9f4,obs_2b6067e53b05
ent_6466fda0b30ae9f4,obs_7822ea8712f7
ent_6466fda0b30ae9f4,obs_8ebda2c9fba2
ent_6466fda0b30ae9f4,obs_f42d1a119b84
ent_6466fda0b30ae9f4,obs_ffa2e49620a6
ent_64b660dc85f159e6,obs_2c7fb8565de9
ent_64d263e9c128117e,obs_5b01c1f3483d
ent_64d263e9c128117e,obs_99e27aa53820
ent_64d263e9c128117e,obs_fb498c107249
ent_64d263e9c128117e,obs_fd7784480398
ent_6533e8f57ac3b378,obs_047dd0a9f32e
ent_6533e8f57ac3b378,obs_16c9c386c3e5
ent_6533e8f57ac3b378,obs_69a70613bfc0
ent_6533e8f57ac3b378,obs_c9cafc66f992
ent_6533e8f57ac3b378,obs_d5cefe6e45d0
ent_6545bbc15332561a,obs_e2d017b3f17d
ent_65aa98f21291e6ad,obs_7f1934098181
ent_664fecfbf5470373,obs_0f02b76ae7e6
ent_664fecfbf5470373,obs_3a03939fca6f
ent_664fecfbf5470373,obs_7f86899cc3f8
ent_664fecfbf5470373,obs_b076ede53b23
ent_664fecfbf5470373,obs_cd32cd77b968
ent_667d5e758c23d327,obs_2edb53c19c33
ent_66bd8c851c9cd48b,obs_bd2f3dc04583
ent_671c8c974ab36fc3,obs_ad7224752760
ent_68bb043a7a33a0ed,obs_31ac1f7bdcb6
ent_68cf434b6bfe7b33,obs_ff0fbde523aa
ent_6927a22e9846c700,obs_99852a656dd9
ent_692e14a5d15be12a,obs_2368c01d0881
ent_6960e6b49649762e,obs_ac037a4d91c7
ent_69b194bff157056c,obs_06213b339dc6
ent_69ef9d0d220d7320,obs_dc88e43dc89b
ent_69fe517e150b1a20,obs_089247c916a3
ent_69fe517e150b1a20,obs_c889a89bff56
ent_6a7c0ddb8ae18bf9,obs_ff73c23a1d95
ent_6a982152cb64f77d,obs_99e21a205d01
ent_6afc372706487607,obs_6dee39f25557
ent_6bcb5673058f1a53,obs_7d00b361ffca
ent_6bf808a0129cbdcb,obs_bb4536af7d4a
ent_6ca4453dff4d36be,obs_21762c262160
ent_6ca4453dff4d36be,obs_3b1b9133606e
ent_6ca4453dff4d36be,obs_b3e6df0ae6aa
ent_6cb04e82f8c8d9a2,obs_02e2428a82f7
ent_6cb04e82f8c8d9a2,obs_1b8c102ce876
ent_6cb04e82f8c8d9a2,obs_25ce856c5e50
ent_6cbb6cb86ff11862,obs_f53e1022df60
ent_6d36fb6f5ed1fbd7,obs_d462592c9c3e
ent_6dd96ca02573487c,obs_d54cc55e09e0
ent_6e12c3729ca3f74d,obs_3b4fbb9892e4
ent_6e1bd4c1b79f2dd8,obs_691d1c7b06d7
ent_6e1bd4c1b79f2dd8,obs_a8400e30810c
ent_6ed363449595c44c,obs_6942986d2ba7
ent_6ed363449595c44c,obs_f04b061ae1c6
ent_70b0a6099fb04acc,obs_fa14b48db39c
ent_70f4a1c9e4c4413f,obs_42000906e2ca
ent_70f4a1c9e4c4413f,obs_a77447cfd121
ent_70f4a1c9e4c4413f,obs_ac27860c361f
ent_70f4a1c9e4c4413f,obs_b1db29951b3a
ent_70f4a1c9e4c4413f,obs_e610cafd1d06
ent_7120d4595b1e6b29,obs_55bd4d802bd2
ent_714752dc5b84b7d7,obs_181643f77683
ent_71b7d8847d74eac7,obs_0b731a91e643
ent_725281aa7fa48ad6,obs_180fdd0b9769
ent_727fd5c4b9834ae4,obs_652228ebf152
ent_72b2bc9f00ffa74b,obs_85d944d47808
ent_72c83a81c5217b49,obs_5a31c15ed801
ent_72c83a81c5217b49,obs_cf1aa1dbad96
ent_73ff3c435c9ffa3d,obs_24fac07f8914
ent_74b423f6f42e5795,obs_0e992749bf71
ent_75792a761ddc22d9,obs_32396c6bf95b
ent_75bd8b7f07405d67,obs_1f30608b7ebb
ent_75bd8b7f07405d67,obs_30df13a23e59
ent_75bd8b7f07405d67,obs_4329eb48552e
ent_75bd8b7f07405d67,obs_b864cd2242f7
ent_75bd8b7f07405d67,obs_fed6734ac91b
ent_75be0508da9d5047,obs_4ababd254d00
ent_76722050fe8f0311,obs_ee0a813562a6
ent_7693d470150980d5,obs_2370f90dbcf7
ent_76af982ba357ab65,obs_c43769c717fb
ent_773310e66de1103f,obs_6b29555eed75
ent_779e7449eafeda16,obs_8821dadf1ed6
ent_779e7449eafeda16,obs_eb1acf18cc04
ent_78a82ecddf6ea8aa,obs_b4aa2daec0b8
ent_78b04d4dbadde52a,obs_2cf53ff8caae
ent_78fcae75ae052cd3,obs_98a13586ff8a
ent_792b86647889a399,obs_518c8c98c6fd
ent_79f2257dd16228a2,obs_dc85a1cd2a47
ent_7a16b060298cbe05,obs_60d819241637
ent_7a16b060298cbe05,obs_697f98ab1478
ent_7a16b060298cbe05,obs_ab90ba0d81cc
ent_7a16b060298cbe05,obs_d40acf5a776a
ent_7a16b060298cbe05,obs_ed309e8b490f
ent_7a21c4599b4557d1,obs_0c03f4a14ff7
ent_7a21c4599b4557d1,obs_da088e5feedc
ent_7a6ef09fb5b8c9a4,obs_78cf79abc5ac
ent_7bda816b710c1e96,obs_0bbcc2bd0ebc
ent_7bda816b710c1e96,obs_1940a56ca2bc
ent_7bda816b710c1e96,obs_22ffc2df1bef
ent_7bda816b710c1e96,obs_7758fdff83de
ent_7bda816b710c1e96,obs_8cf238b7bfd6
ent_7bda816b710c1e96,obs_a7dbc264d97d
ent_7bda816b710c1e96,obs_c723da719810
ent_7bda816b710c1e96,obs_c9f8444bb2df
ent_7bda816b710c1e96,obs_dace6833032a
ent_7bda816b710c1e96,obs_eb5182ad8e3e
ent_7be11d4f099231d7,obs_820deb8b688c
ent_7be11d4f099231d7,obs_b9d1597888ea
ent_7bf90791b6375966,obs_7d2d22e3b96e
ent_7ca704335fca1c28,obs_fc46f3974788
ent_7caf1d4cc6fbac73,obs_126f4ad9a7d8
ent_7cafb880fb8660ab,obs_0eeef43c69c8
ent_7e42290199cbadfd,obs_ab2157a9fbec
ent_7e7ab6c56506d1c4,obs_42388ac6cd71
ent_7ed9c0a163f632ca,obs_515d33b3dd81
ent_7ee2f36e765dd72c,obs_7b32e795a618
ent_7efbd32b6a7d7f53,obs_ee0e2241e186
ent_7fda27412f700836,obs_17d1753ec924
ent_7fda27412f700836,obs_22b418e26eae
ent_7fda27412f700836,obs_2c1c8ce7d712
ent_7fda27412f700836,obs_2e5107debce1
ent_7fda27412f700836,obs_f93899a3dbac
ent_7ffa70f0133ca202,obs_aaa0cb59c37e
ent_800c41e999568416,obs_37f007c41e69
ent_800c41e999568416,obs_5a57eb059245
ent_8026b84d8719127e,obs_166ec648ae4b
ent_8026b84d8719127e,obs_303f6033d7db
ent_8026b84d8719127e,obs_73e3cd942967
ent_8026b84d8719127e,obs_7cbc90254293
ent_8026b84d8719127e,obs_a3f103e083ad
ent_8026b84d8719127e,obs_acaaab97c4a6
ent_8026b84d8719127e,obs_b65c3bf14fe7
ent_8141b24b9b653181,obs_ed3d4d47e9a1
ent_8166bb1474a30daf,obs_a88dd621ad03
ent_81b9062c1d876263,obs_7d9027d46030
ent_823c02097d17609f,obs_479e296c4660
ent_82654eda1a447c90,obs_1b6f6eb30509
ent_82a168851cebef78,obs_b7ab647345d3
ent_82fb25af56f5fedd,obs_07868a22c172
ent_82fb25af56f5fedd,obs_be3ca4043065
ent_82fb25af56f5fedd,obs_f90c50b1dd84
ent_83886b22b177e4e1,obs_9443c6ae5e8e
ent_838adffea1fecca2,obs_cdfb175e88fa
ent_838adffea1fecca2,obs_dbc4a92e4d8a
ent_8396da3ff483f85c,obs_38b71fba8628
ent_8396da3ff483f85c,obs_9a90a87e9284
ent_8405b12287cb6bb1,obs_981adf2518ec
ent_8405b12287cb6bb1,obs_b693b947b8e1
ent_8405b12287cb6bb1,obs_dec77e8176d7
ent_8405b12287cb6bb1,obs_fbc3070fc6a7
ent_84259fd319679110,obs_7a65ed22b8e7
ent_84259fd319679110,obs_e4417a50c999
ent_84582681c1b16c60,obs_09819cbc85c1
ent_84582681c1b16c60,obs_d6159912c952
ent_852df0d2f0e5c31f,obs_19bf838e1eb5
ent_852df0d2f0e5c31f,obs_33bfcd58b5cc
ent_852df0d2f0e5c31f,obs_8d84d8a3cc69
ent_852df0d2f0e5c31f,obs_e67783994e7c
ent_8543b75f94bf5b17,obs_109ce8510651
ent_8599003fb2db3931,obs_e70700a5bf4f
ent_85ad5c41fe5304b7,obs_4a565f9fe8af
ent_8611bb5160b9264c,obs_02113d7dd569
ent_869172a6705f0823,obs_540108e12e11
ent_869172a6705f0823,obs_79ac3d2c534e
ent_869172a6705f0823,obs_9507099c06ad
ent_869172a6705f0823,obs_97ff796cb988
ent_869172a6705f0823,obs_a4c585929ee4
ent_869172a6705f0823,obs_c0c83e4e9c32
ent_869172a6705f0823,obs_fae020fd7cff
ent_87c4563aeb1c4439,obs_c7cabe7ec6a0
ent_889d667647fca4d3,obs_179b4cd0548e
ent_889d667647fca4d3,obs_40a705fe9eb5
ent_889d667647fca4d3,obs_634c6c9347d6
ent_889d667647fca4d3,obs_7ad83fc8e204
ent_88f7201aa78d2b83,obs_1e8e11848c3f
ent_88f7201aa78d2b83,obs_2d7e5074763e
ent_88f7201aa78d2b83,obs_66c342099829
ent_88f7201aa78d2b83,obs_a1133c3d4b8c
ent_88f7201aa78d2b83,obs_a731341b8460
ent_88f7201aa78d2b83,obs_aec324141dd3
ent_895096a31f029ea2,obs_29f469f75451
ent_896f0b3d2db47ea0,obs_5e4252fe73e5
ent_896f0b3d2db47ea0,obs_6b2f536088f3
ent_896f0b3d2db47ea0,obs_a8d097bb6614
ent_896f0b3d2db47ea0,obs_be4398aed089
ent_89a76d2d94c23316,obs_41f4bb4ee09d
ent_8a24e9ec50f00b8f,obs_411fc7c8bebb
ent_8a276cec24c6493b,obs_0db0a1a031f0
ent_8a276cec24c6493b,obs_1a3e460ed5a4
ent_8b323f4bc2982dc0,obs_f1b787e763e4
ent_8b5b10540499e261,obs_f3010ea062aa
ent_8b945436c5363b20,obs_5c492bd67897
ent_8bce1d7be0732e44,obs_3f6195a37eb4
ent_8c709247c80964d8,obs_0899a7aff059
ent_8c709247c80964d8,obs_105d215076b1
ent_8c79e6f8399b586b,obs_e7044f4be3f7
ent_8c7da409eb086c7b,obs_293b00f989c4
ent_8cf14269e6d63a36,obs_1954e4198f19
ent_8d0a465b9f74a315,obs_65a26b1192d5
ent_8d36f2ad6d19dbce,obs_2de0130293cc
ent_8d5652baa4177272,obs_93bf6a88317c
ent_8d5652baa4177272,obs_b1a071b8aa3a
ent_8d65704c2ae5475e,obs_e3c4005c9664
ent_8dae2dfaa36aa583,obs_11e55fcf4113
ent_8dae2dfaa36aa583,obs_f5bda884369b
ent_8dc4240595b0bd7b,obs_6999860b1f7c
ent_8dc4240595b0bd7b,obs_8d6ad3f48656
ent_8deff4943f31febb,obs_db0e0689d3cf
ent_8dfbb37866086757,obs_0c99451d32ab
ent_8e0d5742e6faea13,obs_bf9dc15fcfa8
ent_8ebac0a471c9e585,obs_061037a1eb9c
ent_8ebac0a471c9e585,obs_4ee0e872b3eb
ent_8ec7941041e9a04b,obs_50f053895c6d
ent_8ee8c5a822ad47b2,obs_9413a73de0c6
ent_8f0fcd1323a5088c,obs_3d394dc7eee3
ent_8f0fcd1323a5088c,obs_bf6b63647cff
ent_90017b97d660b454,obs_3db7112cada3
ent_90c6627a4bbb5bd3,obs_16063b6477dc
ent_90c6627a4bbb5bd3,obs_3030b39fe563
ent_90c6627a4bbb5bd3,obs_491b8fa9ac3d
ent_90c6627a4bbb5bd3,obs_83b02a229e68
ent_90c6627a4bbb5bd3,obs_9bbbe46f90ff
ent_90c6627a4bbb5bd3,obs_aeaba2090a89
ent_90c6627a4bbb5bd3,obs_c9bee30e6292
ent_90c6627a4bbb5bd3,obs_f178ae9ef20b
ent_90f2d7c1597f0e34,obs_2fb70090fb6c
ent_90f2d7c1597f0e34,obs_42d8b01a33cc
ent_90f2d7c1597f0e34,obs_5257d205fd86
ent_90f2d7c1597f0e34,obs_e3c51a6e7449
ent_90f2d7c1597f0e34,obs_e5b01872da4b
ent_90fb0e8af5f06a74,obs_bbecf818e7ed
ent_9186a168bf5b86f9,obs_1e9f9b9d2697
ent_9186a168bf5b86f9,obs_9e8db09f04b5
ent_91990b0b44cbcfe4,obs_3aa1c41de898
ent_922af802d62cd2e8,obs_4bd85015d3d7
ent_9289e42169c060e9,obs_f64a81219058
ent_92deb5e392b1a1cf,obs_ae3e34305200
ent_92e713b3cc08d362,obs_471ae1fccac3
ent_92e713b3cc08d362,obs_523d6bd0477a
ent_92e713b3cc08d362,obs_631879a37f9c
ent_92e713b3cc08d362,obs_737f5064e4cb
ent_92e713b3cc08d362,obs_82e78b88e352
ent_92e713b3cc08d362,obs_c2b03885d199
ent_930c5e3ca1090d2a,obs_a0100b3dc1f6
ent_937508f7654f3ab0,obs_a8870a3f0671
ent_93bca80ace2de42c,obs_1f63662bb432
ent_93bca80ace2de42c,obs_7dcb7eec2e1b
ent_93bca80ace2de42c,obs_c997e9769ae3
ent_93bca80ace2de42c,obs_d38eec8280fb
ent_93bca80ace2de42c,obs_f0dc37670a99
ent_9441205b5ab7cab7,obs_f6daa414e15f
ent_952956c0b5367362,obs_d408a7b9687d
ent_957331561235c32d,obs_5982395157c6
ent_957331561235c32d,obs_a761660ad26d
ent_95e07fcee872b49e,obs_72efcb07967b
ent_95e07fcee872b49e,obs_9e0284ac64b7
ent_96795ad4b7e5f73b,obs_57d28ef845d0
ent_96a502e61653f60b,obs_e8f89f62ef6b
ent_96c2a6e21c5b95a6,obs_2ad357cc0ce8
ent_96c2a6e21c5b95a6,obs_84f7d92f708a
ent_96c2a6e21c5b95a6,obs_e6096440c3a5
ent_96c2a6e21c5b95a6,obs_efc2698cf807
ent_96dcfe8aca9e6366,obs_a3f663fc4400
ent_9707ac4e5c4cedd1,obs_6c5a8a926a66
ent_9707ac4e5c4cedd1,obs_93fd38ec9fb9
ent_9792c77a8edd5f75,obs_ca5bed624faf
ent_97b981294199bf19,obs_c9dd0210ac0b
ent_9841b9ea15f650ff,obs_3d5682e9b2af
ent_987cc5f5a868a398,obs_56cfc3314fd6
ent_987cc5f5a868a398,obs_5d8ba8d97d42
ent_987cc5f5a868a398,obs_b45d4757c044
ent_9904972c1cdcd16b,obs_f5dd9c8f8c77
ent_99eabaf38bba845f,obs_d6245d6f1b35
ent_9a6961d174bf319d,obs_f9c818ad56e6
ent_9a9e1fd13b69e423,obs_5de19a3fd348
ent_9bb2b10a98e2cd31,obs_8cf5478c4463
ent_9c22032ef9968e9c,obs_8742e588bf71
ent_9c28fa5df71ddafb,obs_2b96ed1626a4
ent_9c5d3aac9bf74fa3,obs_c725cbb90e11
ent_9c815dc413acecc0,obs_4582d7a7daa6
ent_9c944f63c92020ee,obs_9587c1fc2dc7
ent_9dc26fd4c5d39080,obs_3a3c309bf63a
ent_9e0f2d0f36559d95,obs_8edd357b0f32
ent_9f41c8db80265c08,obs_4e2d448428c0
ent_9f9e1162d1289203,obs_023ebff22618
ent_9f9e1162d1289203,obs_8bc4a69b28de
ent_9f9e1162d1289203,obs_d45dfb33644c
ent_9f9e1162d1289203,obs_dfa07d39d676
ent_9fc5bbc4a8b0096f,obs_069a3eefbb8a
ent_9fc5bbc4a8b0096f,obs_456f597a73bf
ent_9ff856f1b9642281,obs_855647a02304
ent_9ffdfda802f53b9d,obs_c3482659a57e
ent_a09b4e4f0c4e6297,obs_748a4eb34afe
ent_a09b4e4f0c4e6297,obs_ea6ab1b8a2f2
ent_a112df25231970b6,obs_768fee4fc859
ent_a112df25231970b6,obs_ad1cd949b976
ent_a255927a3e3ddf6c,obs_4837525406b6
ent_a25b906b83324cbe,obs_3a55ce3c60f5
ent_a25b906b83324cbe,obs_5398ea922291
ent_a25b906b83324cbe,obs_9182c8ea3542
ent_a2ac402539d9e1c3,obs_b7cdd4e7ad6a
ent_a2ac402539d9e1c3,obs_f033bb6674fd
ent_a2d268c6b152aa09,obs_be2317e79e16
ent_a334850d3d814564,obs_6c0b59e40bad
ent_a334850d3d814564,obs_733d6c1a5070
ent_a334850d3d814564,obs_e1dd8bb9071b
ent_a4007331a907af25,obs_7e303b2acc21
ent_a4007331a907af25,obs_e45c5a30e46f
ent_a409809cf936f07c,obs_560f84549f5b
ent_a409809cf936f07c,obs_7741203380fb
ent_a42995beb2fe1544,obs_3c9414367116
ent_a42995beb2fe1544,obs_5f728d615fda
ent_a45f2f8c5babccc6,obs_3aae6dc03dca
ent_a45f2f8c5babccc6,obs_420bf0b6d8af
ent_a480819658aaef9a,obs_c98f62c2d724
ent_a480819658aaef9a,obs_d82f64392e8c
ent_a4a9c3043b20f0f9,obs_1183c277bfa0
ent_a4a9c3043b20f0f9,obs_35ca60aec841
ent_a4d0dc37dae5754c,obs_2a754fb1f7a1
ent_a4d0dc37dae5754c,obs_f5585d3a42c6
ent_a4e07d592c829070,obs_154879c2790d
ent_a4e07d592c829070,obs_697745f3137d
ent_a537deefbab49dc5,obs_7b22143bf5b3
ent_a537deefbab49dc5,obs_b91716d7c2a9
ent_a537deefbab49dc5,obs_ec7ea1f8564b
ent_a56590c5e54d89cd,obs_1f398822f88f
ent_a56b62d908bc2190,obs_a1cf49188310
ent_a56b62d908bc2190,obs_a29b9873b640
ent_a6228cf00303c32c,obs_b5a0021f7748
ent_a640061a4c541d6d,obs_b1fd1ba4cfbe
ent_a668719c9c6bf95e,obs_5dfb752f1afa
ent_a668719c9c6bf95e,obs_c3c43895e567
ent_a6cf24867adcbe28,obs_ec8167578d9b
ent_a80a28a759d43384,obs_c2cb9aea71c9
ent_a80a28a759d43384,obs_e27b733c73ef
ent_a80a28a759d43384,obs_e747786f7ca0
ent_a96e4db8d6b5a0c5,obs_527172cce80d
ent_a96e4db8d6b5a0c5,obs_5568b7868223
ent_a9c9a45d695ea269,obs_36fa6b34b39b
ent_a9c9a45d695ea269,obs_74266c9cbc90
ent_a9c9a45d695ea269,obs_78c7a3272320
ent_aa85cf01145fd80a,obs_027f258b29f1
ent_aa85cf01145fd80a,obs_0f9deb7c55dc
ent_aa85cf01145fd80a,obs_153bb7be871e
ent_aa85cf01145fd80a,obs_4f606440395a
ent_aa85cf01145fd80a,obs_793cedcf616d
ent_aa85cf01145fd80a,obs_8a11f9321af6
ent_aa85cf01145fd80a,obs_c6b814c0cf92
ent_aa85cf01145fd80a,obs_c719371759d1
ent_aa85cf01145fd80a,obs_ce554402ea29
ent_aa85cf01145fd80a,obs_d9417c0b0813
ent_aa85cf01145fd80a,obs_dce5ca6ce342
ent_aa85cf01145fd80a,obs_e76945fd5884
ent_aa85cf01145fd80a,obs_fac6eef41c49
ent_aa85cf01145fd80a,obs_fe82e934d43b
ent_aafa1c5b29fe7b0e,obs_1e61d40f4a8a
ent_aafa1c5b29fe7b0e,obs_fbf8ceddcc85
ent_abab8e0a91dd32a6,obs_9d8abba272b7
ent_abdb439569ad2573,obs_4c5d5129e719
ent_abdb439569ad2573,obs_aff5a0a78509
ent_abdb439569ad2573,obs_f03afddc3c5c
ent_abf48d94fa843f5c,obs_acb208dd97e4
ent_ac127f440249fb9d,obs_2176d12b4873
ent_ac127f440249fb9d,obs_9bdbc4a67068
ent_ac2e580fd8e4f246,obs_2f72aeffc1dc
ent_ac89ad0a270294cb,obs_572f9e0e67f4
ent_ad304938de0a3671,obs_3a2369160f39
ent_ad6c1c4b4b0326ad,obs_5f1a5a7c1d9a
ent_ae1ed52f203452d6,obs_1ce2b94cda09
ent_ae880ff5227fca37,obs_2058c638227d
ent_aeb9daa515a12649,obs_aa4878902c72
ent_af2bae08bcbc01ff,obs_9837247728e9
ent_af35571e9cdbe354,obs_b63a36afe7d4
ent_af9da9a12e4832d3,obs_73a4805dfb67
ent_af9da9a12e4832d3,obs_7577e581b401
ent_afacf403020f8081,obs_2a78fe9387a0
ent_afacf403020f8081,obs_87285bb91e51
ent_b0635d3656aa8f77,obs_717fdb04ad02
ent_b08c00ec4fef04df,obs_b4dfbb02736d
ent_b09ba8b908fe9ff8,obs_7647981d34fe
ent_b0b72b7e0bf1fc4e,obs_472d1f0b7dd7
ent_b217ed3f184c3b41,obs_2f9421e0be12
ent_b2f5feda408ae12a,obs_d87861645311
ent_b37533e68e6b076d,obs_01e5a855cfde
ent_b4cff85cc9514fe9,obs_30ab10893ae2
ent_b510a42f18cc2c8e,obs_c9c80750f828
ent_b5a67f86a7ae8ba7,obs_57e06fef7793
ent_b5f629bc1ebfc534,obs_013205364df4
ent_b5f629bc1ebfc534,obs_190d0728d073
ent_b5f629bc1ebfc534,obs_221e0af44b9c
ent_b5f629bc1ebfc534,obs_31fb0c54eaac
ent_b5f629bc1ebfc534,obs_412690d3635b
ent_b5f629bc1ebfc534,obs_5aa56933dead
ent_b6555b4dd7dc7c2b,obs_f96c9d802ded
ent_b7eca494744aad12,obs_da099e84b1bf
ent_b7fa8b1fa9404597,obs_0103f96879b6
ent_b7fa8b1fa9404597,obs_0f20e30cd816
ent_b7fa8b1fa9404597,obs_1623919ea744
ent_b7fa8b1fa9404597,obs_68a4602cd9c5
ent_b7fa8b1fa9404597,obs_7c8b07b88f37
ent_b7fa8b1fa9404597,obs_a5fff9978c15
ent_b7fa8b1fa9404597,obs_caf6dd62bcb7
ent_b7fa8b1fa9404597,obs_d97816958f54
ent_b7fa8b1fa9404597,obs_fb7d611ae791
ent_b886b802594e7fe5,obs_b451050b7a86
ent_b8a1908bcc698fa9,obs_3f43fb2b55a0
ent_b974c67cd1ea24c7,obs_acf894c4cfb3
ent_ba67e05fa5988027,obs_8fd732d82bee
ent_bae5178cfbfba644,obs_432616d2fdba
ent_baf9b874b796b621,obs_5681bc9e8f76
ent_bafc1b9f9486bf91,obs_8cad455982bc
ent_bc8e9c2e9006328a,obs_532c99dcc089
ent_bc8e9c2e9006328a,obs_d841b388b238
ent_bda1d99b288bbbc1,obs_cf451dd19402
ent_bde4e5c76722d9f7,obs_c81fec2e8bda
ent_be970ef42856a239,obs_44f7c5677093
ent_bea746e7d87328af,obs_3ebf8c347f79
ent_bea746e7d87328af,obs_41b9ae4d3f46
ent_bea746e7d87328af,obs_698bf795999f
ent_bea746e7d87328af,obs_b77b8d8b740c
ent_bea746e7d87328af,obs_cb334ca14268
ent_bea746e7d87328af,obs_fe361c1a3c8a
ent_bea746e7d87328af,obs_ffc01d3ee109
ent_bfd64eec1b64bfb5,obs_339d9554d1b3
ent_c00b8bcedd4f2635,obs_bed160de23a3
ent_c010eade7a79959c,obs_18366a2d9014
ent_c010eade7a79959c,obs_a38f1af48c83
ent_c010eade7a79959c,obs_b048dc4da2a5
ent_c010eade7a79959c,obs_ffcf55e4931e
ent_c0680bd2e161ce2e,obs_8126614a5b1f
ent_c0680bd2e161ce2e,obs_823cbc57a2c1
ent_c0c6c0ddec860618,obs_0fa0c28dd154
ent_c0c6c0ddec860618,obs_1624f541799a
ent_c0c6c0ddec860618,obs_6a3d454cd15d
ent_c0c6c0ddec860618,obs_f5fcdfaff0c3
ent_c14ade187c3e8b39,obs_d229f0fd50bd
ent_c18fea493cf9f486,obs_a1183b9ef454
ent_c19f1830cdf0c194,obs_2340f85883cb
ent_c19f1830cdf0c194,obs_c1c187a060ef
ent_c1ca15109d3629a6,obs_e58048261ff7
ent_c1ca15109d3629a6,obs_e75171821cd4
ent_c36804f0e8a37b9b,obs_905745c8249e
ent_c3981868a8208a6e,obs_297f53e6057b
ent_c3981868a8208a6e,obs_65d1ab9e4d1c
ent_c442a6ad9b8c0b2a,obs_02163279c0fc
ent_c442a6ad9b8c0b2a,obs_2519e371a2fe
ent_c442a6ad9b8c0b2a,obs_4185c2faa4a8
ent_c442a6ad9b8c0b2a,obs_7b0e8a1c88f0
ent_c442a6ad9b8c0b2a,obs_daf4160488b4
ent_c442a6ad9b8c0b2a,obs_efa46f66a1bc
ent_c4823eec5f3ad189,obs_0c9845859aee
ent_c4916503ddb001d0,obs_6ff9e3e6915e
ent_c4916503ddb001d0,obs_a1144e0a6ec3
ent_c627225a0db026b2,obs_023113a43842
ent_c627225a0db026b2,obs_102b9dcec728
ent_c627225a0db026b2,obs_1b5e8163bb29
ent_c627225a0db026b2,obs_552bed2d59ac
ent_c627225a0db026b2,obs_7457175249de
ent_c627225a0db026b2,obs_7bc7167a86fa
ent_c627225a0db026b2,obs_7e247c2ccb94
ent_c627225a0db026b2,obs_cdcb389db7bc
ent_c66d7519e1ff1e20,obs_ba3f51eab3f9
ent_c68970f1dc655909,obs_9fedbe448cb7
ent_c8891d747d84181b,obs_8a6b20696bcf
ent_c9db017117a7d0bd,obs_513969499df8
ent_ca1fe33044653b5a,obs_0cc2d06c61f0
ent_ca1fe33044653b5a,obs_9a8d7adba77f
ent_ca1fe33044653b5a,obs_aaef7aac6e3c
ent_caf75de498de259a,obs_1b9a812bf1f3
ent_cbeae0e76009471b,obs_2c4b2b32294e
ent_cbeae0e76009471b,obs_f165a8489650
ent_cc100a435e28c47f,obs_93024b25047d
ent_ccd1aec52c00b9f8,obs_685241e8c73f
ent_cdc5a07caff7df2b,obs_19102f960ced
ent_cdc5a07caff7df2b,obs_f0cc8894fe08
ent_cdda0d7b6d1a88b1,obs_281d16d120c8
ent_cdda0d7b6d1a88b1,obs_443bd23ca8df
ent_cdda0d7b6d1a88b1,obs_4ea3eea6aff9
ent_cdda0d7b6d1a88b1,obs_9f70983e57a8
ent_cdda0d7b6d1a88b1,obs_ea2074a62ece
ent_ce60962cf3959243,obs_98c73f3328c3
ent_ce9638188073ee4b,obs_da099c1970b2
ent_cea22a1697282bcc,obs_de3794b35681
ent_cea22a1697282bcc,obs_e50bd9983250
ent_d048798c545c2755,obs_3fbf75d22c1a
ent_d1b3e9e35bfbcdc4,obs_072b68adb4d6
ent_d1b3e9e35bfbcdc4,obs_0f60a3837ced
ent_d1b3e9e35bfbcdc4,obs_0f921ad97dc7
ent_d1b3e9e35bfbcdc4,obs_124bc82f27f8
ent_d1b3e9e35bfbcdc4,obs_18907b66b6e5
ent_d1b3e9e35bfbcdc4,obs_35cab0089b54
ent_d1b3e9e35bfbcdc4,obs_37477322ce1a
ent_d1b3e9e35bfbcdc4,obs_3fdeba0f4422
ent_d1b3e9e35bfbcdc4,obs_4121d4c07f86
ent_d1b3e9e35bfbcdc4,obs_5d46e3eec1e1
ent_d1b3e9e35bfbcdc4,obs_669f927d56b6
ent_d1b3e9e35bfbcdc4,obs_66fdd4cac1f8
ent_d1b3e9e35bfbcdc4,obs_796a3345998b
ent_d1b3e9e35bfbcdc4,obs_7fba6676a81a
ent_d1b3e9e35bfbcdc4,obs_7fe4a8ab8580
ent_d1b3e9e35bfbcdc4,obs_87a331473728
ent_d1b3e9e35bfbcdc4,obs_8a4f9e3a2ac3
ent_d1b3e9e35bfbcdc4,obs_8aaa82484104
ent_d1b3e9e35bfbcdc4,obs_8d8258f1781b
ent_d1b3e9e35bfbcdc4,obs_8e9c2d3db77d
ent_d1b3e9e35bfbcdc4,obs_8ec71f91e548
ent_d1b3e9e35bfbcdc4,obs_8f8c1b938a05
ent_d1b3e9e35bfbcdc4,obs_963a3bac8c74
ent_d1b3e9e35bfbcdc4,obs_9a3f8e93bfc2
ent_d1b3e9e35bfbcdc4,obs_af2892a6b2a3
ent_d1b3e9e35bfbcdc4,obs_b10db5cbfcc7
ent_d1b3e9e35bfbcdc4,obs_b4085bc978ae
ent_d1b3e9e35bfbcdc4,obs_b463ef63a136
ent_d1b3e9e35bfbcdc4,obs_bbbc1a6ad647
ent_d1b3e9e35bfbcdc4,obs_be354b8f9aa9
ent_d1b3e9e35bfbcdc4,obs_d2ce9deb8816
ent_d1b3e9e35bfbcdc4,obs_d8383a7e02d8
ent_d1b3e9e35bfbcdc4,obs_db3959f0cff3
ent_d1b3e9e35bfbcdc4,obs_e051e6eff25a
ent_d1b3e9e35bfbcdc4,obs_eb851ebed059
ent_d1b3e9e35bfbcdc4,obs_eea31a640eae
ent_d1b3e9e35bfbcdc4,obs_effbdd20c8b3
ent_d1b3e9e35bfbcdc4,obs_f1056a72f9c2
ent_d1b3e9e35bfbcdc4,obs_f2811c010689
ent_d1b3e9e35bfbcdc4,obs_f38d42215167
ent_d1b3e9e35bfbcdc4,obs_f42486755c58
ent_d1b3e9e35bfbcdc4,obs_fd43aa13e9b9
ent_d2203e66744c9b08,obs_8103bc1be101
ent_d22a0f3085f8cee1,obs_42044bb1732c
ent_d337f98cfe1a6d35,obs_0278937865a3
ent_d3955ecb237b2ebf,obs_870094d78227
ent_d3955ecb237b2ebf,obs_b8843c4997ab
ent_d420a8bceb505a11,obs_03075ea86988
ent_d420a8bceb505a11,obs_71385fdee8c8
ent_d441778cf5e25424,obs_2083c2a9d3b7
ent_d4ec785eda560125,obs_8df7f985b336
ent_d553872cd3f4d96e,obs_004db48562a8
ent_d553872cd3f4d96e,obs_062293951a48
ent_d553872cd3f4d96e,obs_6572f4afe22a
ent_d576b8879f80ed1e,obs_1d98a5c1accf
ent_d58951f61e08ca56,obs_ee3fdcc5be04
ent_d5ac8f34d7ce25f1,obs_8e2b50f576b4
ent_d5ac8f34d7ce25f1,obs_e4d7e8ca1226
ent_d60a37268357f373,obs_bcfe4e65656e
ent_d60a37268357f373,obs_d4c27813c7a3
ent_d62486e0051153f4,obs_19cd888d785e
ent_d62486e0051153f4,obs_1ab9ef1c5803
ent_d62486e0051153f4,obs_35a9d34241b3
ent_d62486e0051153f4,obs_631a3da729ce
ent_d62486e0051153f4,obs_a930bb4c5503
ent_d62486e0051153f4,obs_ee0b8774407b
ent_d62486e0051153f4,obs_ef01bf915134
ent_d669b8a7aee23bcf,obs_a9010f5bd4bf
ent_d69edb5174eba337,obs_cfbc55cfce14
ent_d70078928600690f,obs_41afdfa5afd8
ent_d70078928600690f,obs_786ca3831f42
ent_d70078928600690f,obs_9985c93cd950
ent_d70078928600690f,obs_f9d715d242b3
ent_d76aa6706deb4594,obs_4b6ba1a6d90c
ent_d76aa6706deb4594,obs_99f5e7e42b65
ent_d76aa6706deb4594,obs_ad40a1138e58
ent_d76aa6706deb4594,obs_dfc99dfec4bb
ent_d81d42eff45dc9b5,obs_18c23de94556
ent_d81d42eff45dc9b5,obs_1fb17432b42e
ent_d81d42eff45dc9b5,obs_571ad9f00af4
ent_d81d42eff45dc9b5,obs_e764f0dcaa24
ent_d89dc73a9823fdb1,obs_1a39a388d628
ent_d89dc73a9823fdb1,obs_97b6301217ad
ent_d89dc73a9823fdb1,obs_e358424ae651
ent_d8a243d6ad07ecd8,obs_72229374c287
ent_d8ad690345c72ff7,obs_79a2f21ff353
ent_d903ef65ec5e82f7,obs_3d0ef6d18ba3
ent_d93631171dccb809,obs_ebb37dee2ea0
ent_d938c3c3926b7e3d,obs_6163516b8c18
ent_d985fb03a3b4180a,obs_2c7595346d8c
ent_d9c5a65303f72ec5,obs_d85af489a3f3
ent_dabdcfc61a4e6111,obs_cb0ecd01a58e
ent_db18066c592f79d8,obs_e92f00017909
ent_db8b34d3cf3c3ec4,obs_1d4bf5307296
ent_dbf9ce2d2f3458e3,obs_1392922f123d
ent_dbf9ce2d2f3458e3,obs_253c054b42fb
ent_dbf9ce2d2f3458e3,obs_a8f7c7ccf883
ent_dbf9ce2d2f3458e3,obs_d706402a85b1
ent_dbf9ce2d2f3458e3,obs_e096baf76a99
ent_dbf9ce2d2f3458e3,obs_e19100e39bcf
ent_dbf9ce2d2f3458e3,obs_e3293899c553
ent_dc2a20506f3a9c43,obs_38d87cf768b7
ent_dc31048873d8be87,obs_107507fd24d3
ent_dc31048873d8be87,obs_e17721166956
ent_dc7c5dc5f6110307,obs_2455b7b722d5
ent_dce4cc57b4addc54,obs_63506ae46241
ent_ddbeddab65cd8e1c,obs_fdf5460a8e41
ent_ddca9999e937b463,obs_89c851b883dc
ent_ddcb834251ccc401,obs_11eb03d054d7
ent_df825daae97e2725,obs_a6b11b08accb
ent_dfc920a1f33bf353,obs_7fc54e56a4de
ent_e07299e2828a469a,obs_4c96d61bd877
ent_e0979b5bbb59904c,obs_3ad6f395074c
ent_e0979b5bbb59904c,obs_4047c9d16045
ent_e0a0b63ca451e226,obs_1b1b65299dcd
ent_e0a0b63ca451e226,obs_2afd0fdde1d4
ent_e0a0b63ca451e226,obs_acc30b3832ff
ent_e0a0b63ca451e226,obs_c7a34858630d
ent_e0a0b63ca451e226,obs_ecf3e04a848f
ent_e0a0b63ca451e226,obs_eeea91816495
ent_e0e82697796e30fa,obs_8899dd326034
ent_e12246861c9953e4,obs_a652e1b0a91a
ent_e264eb7afb6732d1,obs_09d62fc27e73
ent_e2b080e162e32f24,obs_162e266e2dd9
ent_e2b080e162e32f24,obs_a91614de7a32
ent_e35cd45c3d348e08,obs_73c4a74d8ece
ent_e36c25b3cf9e1ef0,obs_6e141bc2d837
ent_e36c25b3cf9e1ef0,obs_f52582ab1739
ent_e36d73747df649b2,obs_d367085dabb2
ent_e376c50b217276d7,obs_222f51a90ded
ent_e376c50b217276d7,obs_a3b4eda6208b
ent_e3eba65c2a21eec2,obs_147ac6dd3751
ent_e3eba65c2a21eec2,obs_2efd1e306fe9
ent_e3eba65c2a21eec2,obs_40e601b54bca
ent_e3eba65c2a21eec2,obs_588e9a22f5b9
ent_e3eba65c2a21eec2,obs_856b4c151ccd
ent_e3eba65c2a21eec2,obs_b18f10a8a873
ent_e3eba65c2a21eec2,obs_b8c68428efa5
ent_e3eba65c2a21eec2,obs_c0c4282c2fa3
ent_e471c6d1b537b9f0,obs_50d9c2d9593a
ent_e471c6d1b537b9f0,obs_b77d35687863
ent_e4f98d8381adc388,obs_88d1a622ba8f
ent_e512ca6b088e4871,obs_447ab660aae0
ent_e59f0a15f4352056,obs_0639fe0e0a86
ent_e59f0a15f4352056,obs_2eb4b2d7a455
ent_e59f0a15f4352056,obs_6ac04222389b
ent_e59f0a15f4352056,obs_92e9f743e5e9
ent_e59f0a15f4352056,obs_978617474d9b
ent_e59f0a15f4352056,obs_bdead3425037
ent_e5ce2188c5bf2a8a,obs_3bc389cfbe51
ent_e667f2931b0748b5,obs_0e43c979e1a6
ent_e670110fabaacda1,obs_7d223e679414
ent_e67531cdc9c207eb,obs_55136d64ca9a
ent_e6cf0dcc1560d7d0,obs_5a8f766b2ce0
ent_e6dd35a8a96e85b5,obs_9dd61c31658e
ent_e744ed8814040f18,obs_ffeafe60b7e0
ent_e92d9ec31aff3d2a,obs_80f0a741f39e
ent_e92d9ec31aff3d2a,obs_8d40281a3fac
ent_ea17369104e8eff9,obs_21bc3392c42e
ent_ea17369104e8eff9,obs_2bd56d6b63dc
ent_ea17369104e8eff9,obs_2ecf0314ec96
ent_ea17369104e8eff9,obs_5cb90dcd525b
ent_ea17369104e8eff9,obs_a082bf5bb523
ent_ea17369104e8eff9,obs_fbc529472e4f
ent_eab528db74695e77,obs_168c19a1affd
ent_eab528db74695e77,obs_c7dd920c88bc
ent_eb1725d919c40990,obs_44ad1f79376b
ent_eb902a5e499c383e,obs_30db48f4666b
ent_eb902a5e499c383e,obs_4296566c5952
ent_eb902a5e499c383e,obs_72065df52b89
ent_eb902a5e499c383e,obs_c6182cc594ca
ent_ebb6780653e21935,obs_20bd4f3ad58a
ent_ec07562286ec1c77,obs_831693d86673
ent_ec07562286ec1c77,obs_fbc8ef0f939e
ent_ec35f40cd3dc3d18,obs_4836415a98d8
ent_ec5d84f5bab9c23c,obs_89ca4ac3e8ac
ent_ec90ad587d80efbe,obs_45f75417e05a
ent_ecefac67467a14ff,obs_767c80d77e49
ent_ed4dc9789ac6c6af,obs_196edce92ba7
ent_ed4dc9789ac6c6af,obs_a5f3b2684065
ent_ed4dc9789ac6c6af,obs_b6a0564875ee
ent_ed4dc9789ac6c6af,obs_d48b40bbcd23
ent_ed4dc9789ac6c6af,obs_d9d399d582e6
ent_ed4dc9789ac6c6af,obs_ff1532121794
ent_ed84ce3dbaf1f14a,obs_53df1d8f37e5
ent_ed84ce3dbaf1f14a,obs_f4cb7ba3a3c4
ent_eeb04b5eaa8d3f39,obs_5c3a44756237
ent_eeb04b5eaa8d3f39,obs_ac4a97e43081
ent_eeb04b5eaa8d3f39,obs_c552c0e81fd0
ent_eeb04b5eaa8d3f39,obs_d6c4c2e28f4f
ent_eeb6c7cb8b7b24d4,obs_00c2272dec81
ent_ef732a31ff225013,obs_0b02d9de637e
ent_f0fb48ce9ca5bd94,obs_afd87d55acee
ent_f1090e301a3794e9,obs_0c90b63194a7
ent_f1090e301a3794e9,obs_118f167b6eb6
ent_f1090e301a3794e9,obs_28addd38fb93
ent_f1090e301a3794e9,obs_372b764cb76d
ent_f1090e301a3794e9,obs_48cb01c1932c
ent_f1090e301a3794e9,obs_661621154d02
ent_f1090e301a3794e9,obs_6c4cb571625c
ent_f1090e301a3794e9,obs_7f858c175206
ent_f1090e301a3794e9,obs_8ad7f3654541
ent_f125a2b92a127c91,obs_adf2989eb3ad
ent_f196b52656fa29c4,obs_2f694cc15f73
ent_f21139842fe11d44,obs_4cac30d4cd6d
ent_f21139842fe11d44,obs_c9254e16a3ed
ent_f220d552c8523c7b,obs_2da5655cade9
ent_f2575873f04226fb,obs_422603f5b90c
ent_f2575873f04226fb,obs_629fb53702a3
ent_f2575873f04226fb,obs_eb45565f0d02
ent_f2575873f04226fb,obs_ef991973fac0
ent_f30c97e88207a6b7,obs_27929850b529
ent_f33f3671a320fb14,obs_1f922149a514
ent_f4d6392ef624c017,obs_7f3eab1dab60
ent_f528c775bf16d633,obs_c1328af3a839
ent_f59593a3542454e1,obs_afe7e638aa0a
ent_f65dae4673d2c7a5,obs_bdd29ac203d9
ent_f69411caabc194f1,obs_1eb978407d8b
ent_f69411caabc194f1,obs_71629564d5bd
ent_f6aadf328d558396,obs_2627fba705a6
ent_f7dd0d891af1fc09,obs_10e8e82908c8
ent_f7dd0d891af1fc09,obs_114a4d656f26
ent_f7dd0d891af1fc09,obs_23f689de7587
ent_f7dd0d891af1fc09,obs_5bced33e886f
ent_f7dd0d891af1fc09,obs_93bf43f72e22
ent_f7dd0d891af1fc09,obs_b7d97cc22c90
ent_f7dd0d891af1fc09,obs_b93c6eab6676
ent_f7dd0d891af1fc09,obs_c3642b64ad74
ent_f7f437adf0cd2e3c,obs_6e40f47bfffd
ent_f822c953ccbb3dd1,obs_98ffd926079c
ent_f82352432ff9a021,obs_32cd207c61b4
ent_f82352432ff9a021,obs_391e9f89ce1a
ent_f8788213da538dd3,obs_d682eec0df38
ent_f9ed90e3e8626bc9,obs_ec3e0c72adc8
ent_fa0dc3816a2ff336,obs_baa3f8a5c745
ent_fb845877d636e91d,obs_6667f4bc3640
ent_fbe06550fd422f2e,obs_fa78680c9e2d
ent_fc550a38b28be336,obs_50cca040fa8f
ent_fdcdda101cfcb1bd,obs_3ec672afa500
ent_fdd7b76a48380fd2,obs_1e44391ca1be
ent_fdd7b76a48380fd2,obs_3cd1ac89b3c7
ent_fdd7b76a48380fd2,obs_a17c9189133f
ent_fe1b7266f87bc6ea,obs_373d86c269b3
ent_ff1a0c165470148b,obs_5c16b19b224f
ent_ff38c49be5ebd40b,obs_f1b551dd61b9
